시장명,X,Y,점수
광장시장,199906.8314913029,552277.9446492164,5.171987352064928
광장전통시장,200001.01455411574,552250.4348730834,5.128309798302614
낙원악기상가,198940.66796572373,552613.9363491738,7.10717145753111
동대문문구·완구거리,201276.66821081465,552409.2821761387,5.207729975521011
동대문상가A동,200939.24277661392,552276.4354137254,6.457080500826593
동대문상가B동,201054.27388156203,552279.0482810537,6.278258480289537
동대문상가C동,201180.28770469944,552285.7211546518,5.3232183715380454
동대문상가D동(일신파워빌딩),201294.32912236944,552286.3279739405,5.236343108211395
동대문종합시장,200726.95825105184,552314.3210926644,6.428879948762854
동대문종합시장D동,200608.68656295966,552356.7085709316,8.46204458983773
동대문종합시장신관,200788.97542110767,552315.6514819338,6.311594641554615
동대문지하쇼핑센터,200842.98436922824,552317.9396501661,6.505048286754921
동묘시장,201619.60127310452,552447.1210975789,3.8392182574825466
동문시장,200999.92957191568,552339.7829870996,7.53297626176265
마전교지하쇼핑센터,200175.89693459045,552285.3787006012,5.472390195049045
보령약국골목상가,199982.75215729256,552486.429802992,6.145331680483782
북촌계동길 골목형상점가,198872.8277665026,553330.8543080929,2.899587510812723
삼청정독길 골목형상점가,198318.41567963455,553179.8461259297,2.5498429477562157
세운상가가동,199577.12732305677,552198.1598728015,5.333997288892976
세종마을음식문화거리,197540.1203742475,552990.6323027426,3.8436479576197238
신설종합시장,201797.0219246471,552569.1126532435,4.200237772735546
종각지하쇼핑센터,198744.1562354507,552319.7766737444,4.917866096067965
종로4가지하쇼핑센터,199810.9724145749,552244.4217062644,4.576438881485865
종로신진시장,200436.93294208133,552297.7719842603,7.630418213160837
종오지하쇼핑센터,199990.49460444527,552347.4167534916,6.084436486446595
창신골목시장,201051.6446390933,552585.1540702824,5.472741363984254
충신시장,200480.22410241398,552810.2024369378,5.562626264742927
통인시장,197345.50653741605,553467.7817843324,1.8834764257095076
한일상가,200264.93449393663,552284.8520831864,5.847635007773047
종로신백제 골목형상점가,200432.28207957238,552419.7949096533,8.641224582943213
Team204 (팀204),201166.69812911193,552019.5446894192,4.4785811388405055
광희패션몰,201053.2525631342,552094.9708224884,4.732623468478071
남대문로 지하상가,198048.43906312116,551275.6710094544,6.4911142723984545
남대문시장,198038.6644294651,551044.5293477522,5.587690506412111
남평화시장,200956.75994728456,552180.4910554382,5.4877858730681695
대림상가,199603.65333786496,551913.1899074994,4.4648382726858715
동평화시장,201231.6894833723,552213.9664683553,4.900635090582485
동화동 골목형상점가,201524.0255219987,551420.2103831624,4.617840046019252
동화상가,200629.50823015568,552203.7595463751,5.648743277697811
명동남산골 골목형상점가,198797.2674338524,550986.5407807421,4.296987054952293
명동역지하도상가,198729.65775904516,551284.2970119489,6.594748919509975
명동지하쇼핑센터,198365.137889874,551543.4591767044,5.6673314245310555
방산시장,199970.33899467502,551999.1736937638,4.44628896109066
방산종합시장,200072.69496968863,552127.7682700831,4.744991989174174
백학시장,201733.77172824828,551671.424295985,5.268557890739349
벨포스트 (舊에리어식스),201056.44527143214,552058.973718617,4.443549806106258
삼익패션타운,198141.9781066638,551181.1317493413,5.870073300731102
서울중앙시장,201745.12649077145,551981.6062845817,4.146448081609185
소공지하도상가,198194.54445154584,551642.5904083675,4.724299063784549
숭례문수입상가,197900.32209199993,551098.8147459696,5.574563740748106
시청광장 지하쇼핑센터,198604.35125547316,551896.8686974425,4.971056016406832
신당 미래유산 먹거리 골목형상점가,201332.59951082288,551486.2182236878,4.813929616320748
신당오길 골목형상점가,201861.82895499383,551670.1048234102,4.527514713408163
신중부시장,200076.48941691263,551790.6569052418,5.191935986131642
신중앙시장,201745.12649077145,551981.6062845817,4.146448081609185
신평화패션타운,201022.62954470993,552209.8528936028,5.6892062643152155
아트프라자,201139.83704163268,552179.4644127514,5.270168422186071
약수시장 골목형상점가,200972.97473054117,550448.8999272508,5.500774580504475
을지로지하보도쇼핑센터,198882.8879478506,551816.318785813,5.369237204047984
을지입구지하상가,198571.74919462053,551819.6653014624,5.485900141205148
인현시장,199596.36921756802,551590.0252313431,4.181827845676593
자유상가,198244.40317542915,551296.7212985893,5.6943090560834495
장충남소영길 골목형상점가,200052.75827364012,550610.0700479207,0.9348387042075861
제일평화시장,201005.13400219075,552113.7222277622,5.013739450616665
중부시장,200160.9349797608,551713.0757429493,5.604701694944494
청계5가쇼핑센터,200208.42484772,552188.5139030912,4.899283692871288
청계6가 지하도상가,200854.70163471522,552183.9495751939,5.136836400721945
청계상가,199586.92367379417,552049.1539127458,4.745107902557226
청계천공구상가,199223.7871920986,552048.2221274385,6.290356204449483
청평화시장,201319.71081278735,552216.4356101906,4.5914140778431705
충무로 골목형상점가,199540.15757691982,551437.6669220923,4.857547209236879
충정로56출구 골목형상점가,196761.15259538233,551047.7372207699,3.997885509557244
테크노상가,201169.0338745366,552144.6060623523,4.96277110880361
통일상가,200546.75492243614,552151.2988936118,5.563083114910529
평화시장,200713.49079069702,552213.2099335614,5.293489323322815
필동 골목형상점가,199673.76461497106,551145.2634812251,3.505101421727118
황학동주방가구거리 상점가,201445.05996120977,551972.0065830227,4.183056033573797
황학시장,201805.36122960725,551941.911086059,4.209740695791329
회현지하쇼핑센터,198395.77686838314,551237.5032923098,4.9459813597734446
만리시장,196748.49923068134,550229.3535610822,2.8413567704559055
신흥시장,199132.61939395178,548123.2097367807,2.4741122241444398
용산용문시장,196446.20809807917,548569.1050927958,4.258084263805705
이촌종합시장,197778.13780683375,546797.4974593231,2.3533423507881097
이태원시장,199120.89742271558,548258.199970193,2.3897295396017224
한강쇼핑센터,197516.36797793303,546735.0824898864,1.539641114445351
후암시장,197892.702403547,550086.3815779219,3.1047313540028885
금남시장,202036.30248642532,549901.3387739861,3.5156051537201742
뚝도시장,204843.78994704428,548700.7896742985,3.5898744995597283
뚝섬역상점가,204014.52471589233,549817.822743933,3.178329417680654
마장축산물시장,203646.91531705688,552349.8662941493,2.1455102105657238
사근살곶이골목형상점가시장,204160.86025479189,551270.173859067,2.8454746947676566
성동용답상가시장,204643.1484315352,551627.8799379338,2.605661638144106
성수역골목형상점가,204755.81243069892,549818.7639798467,2.345769821633437
송정벚꽃골목형상점가,205980.45440112858,550165.4119452249,2.0767121998164653
신금호역골목형상점가,201788.9041714284,550522.2669564715,2.9719164654808465
왕십리도선동상점가,202934.0603271712,551517.7473216043,6.921527358384801
왕십리무학봉상점가,202797.3883432207,551257.9183286735,4.298451031841266
한양대앞상점가,203484.29357756645,551138.5241363405,3.3113582329831894
행당시장상점가,202893.89170859472,551170.3970968815,4.021014057554232
건리단길골목형상점가,206166.4903998279,549420.1052749394,3.2297741216003084
광성시장,207167.48237572578,551565.2799214012,5.049047236547356
노룬산골목시장,205779.9688741808,548548.7051962039,4.138945258379213
노룬산시장,205731.9139666264,548555.4524659484,4.140893822627489
면곡시장 골목형상점가,207176.84086145562,552438.6772488242,2.214582755411814
신성시장,207816.04194183392,550944.4815649514,3.0606034324057387
신성전통시장,207866.204147479,550917.7376367254,3.0168681186679596
영동교골목시장,205687.36586940347,548655.2552493651,3.4492675361123415
자양15번가 골목형상점가,207053.34769924253,548384.4076465855,2.674713437641312
자양전통시장,207211.08121731915,548258.1957210393,3.2572403462493664
자양종합시장,206754.97070313428,548056.6916289863,1.967956646991171
자양한강전통시장,205859.70537554348,548416.076400276,2.946294335423058
조양시장,205954.58160106617,548822.7419112243,3.2336876829226453
중곡제일골목시장,207229.361603654,551592.6198830109,5.0219870310039605
중곡제일시장,207183.30201463093,551600.3780189471,5.1889948606881156
한아름시장,206177.96791854064,549331.1309799028,3.332870110111055
화양제일골목시장,206103.01474632617,549316.7268371956,2.9623108998476084
자마장시장골목형상점가,207181.52751847627,548172.0043617256,3.2205987768929267
경동광성상가,203424.7992676357,553483.1312157346,7.864619696989448
경동시장,203471.8436563363,553290.305544128,5.910903109239583
답십리건축자재시장,204708.1717769349,552004.3745556495,2.944257176909489
답십리시장,205184.0527940456,552626.1516658535,1.6950585342854703
답십리현대시장,205180.81887822758,551917.8541403118,1.877580554823321
동부시장,204621.10258552627,552010.9140522652,3.1446287738903944
동서시장,203663.5838047522,553353.3504546576,4.443063111682014
서울약령시장,203277.22966186865,553391.3099590683,9.150179835531457
신설동 들락거리 골목형상점가,202294.4841785907,552894.8866947629,5.103535955604503
용두시장,202606.9482927014,553206.6714068863,2.7429218239871798
이경시장,205830.649252835,555005.5345057201,2.186194901606139
이경재래시장,205787.38842232156,555051.3224304987,2.473989470711149
이문제일시장,205512.72315097737,556095.2742646135,2.145926402037392
장안 마실 골목형상점가,205908.2667642415,552263.8602923608,2.016813635883564
장한평역  먹자 골목형상점가,205872.1853949465,551524.3751603604,3.179467918603612
전곡시장,206055.6115314048,553149.9955552926,1.02291492886585
전농로터리시장,205034.1878886852,553153.5631450126,2.5432369568983835
제기동 고대앞마을 골목형상점가,203095.38875400944,554287.6952864768,2.7884537093993877
청량리농수산물시장,203610.85665673233,553486.1222635803,4.136747184858638
청량리수산시장,203633.54675977904,553170.1184431403,3.8067355233778293
청량리전통시장,203854.1585718615,553447.4014180541,4.808601763190703
청량리종합시장,203624.31397355886,553401.1603769484,4.381977162321296
청량리청과물시장,203748.6042663673,553355.8037385164,4.6870817992839555
청량종합도매시장,203558.70922519302,553697.9282830219,3.7018137060908156
회기시장,204855.42021942517,554600.1841696922,4.608196097426048
회기역골목형상점가,204944.51761889487,554400.5793443323,4.203145720444777
경희담길 골목형상점가,204545.89139982688,554676.5672111027,2.55377675359357
전곡시장 골목형상점가,206062.8909536026,553098.013657451,0.9951236164408779
겸재한신길 골목형상점가,206746.82074134413,554102.0511094652,1.6671609405158252
동성타워프라자,208589.83650054116,556491.8122748551,1.1305082440291163
동원시장,207939.29215813658,554478.5462338121,2.8009576053280654
동원전통시장상점가,208025.64807447724,554606.0566192026,2.225104075454051
동원전통종합시장,208136.36518808335,554479.5953309257,2.4084856536448003
면목시장(골목형),207456.3841224519,553109.4312837112,2.7483540043478274
면목시장(카멜리아쇼핑센타),207622.2480410759,553335.403679545,4.304135450146487
묵동도깨비시장 골목형상점가,207013.5392136163,557368.7697859367,2.734059999028343
봉우시장 골목형상점가,206923.975135316,554462.1369269392,2.311056805989741
사가정51길 골목형상점가,207780.51832990715,553672.3800043573,4.041851884232125
사가정시장,208206.41853540303,556353.7160526809,1.3189629629972133
상봉먹자 골목형상점가,207814.3764230759,555017.096221868,4.631519179910918
신내구길 골목형상점가,208572.25186447694,556224.6119171549,1.2966245445135058
신아타운,208363.6472552762,556322.5405813864,1.6027832913949038
우림골목시장,208674.54536621636,555237.7620913194,2.511513244447996
유영시장,208541.62115227623,554649.8198018662,2.2895649257382966
장미꽃빛거리 골목형상점가,206797.81908971845,556924.4445457946,2.854555741112245
장미제일시장,206726.8829925075,556155.7613366601,1.8427126899501047
중랑교종합상가,206810.01656326756,554821.6734634015,3.0887926298766573
중랑동부시장,206932.8977625667,554665.2651907217,2.6735009123777322
태능 골목형상점가,206768.99323484953,556326.0531917245,1.4619613364412483
태능엔터피아,206834.33058212235,555516.0789494741,3.210042203240512
길음시장,201918.3612541696,555897.0634640201,2.8357359472781556
꿈의숲장곡골목형상점가,204136.51132477983,557535.5170492466,1.4728730187809354
돈암시장,201405.7237229582,554663.8517059128,4.6498731411536856
돌곶이시장,205492.5364102041,556692.403364913,2.4387694347529214
밤나무골시장,203168.47275148326,556531.9675606972,1.8626960169777722
배밭골골목형상점가,199997.38379056417,556503.0747694847,1.4672190437426416
석계음식문화거리,205731.41932416844,557107.8397931496,3.474667351529344
성북천골목형상점가,200731.20367248903,554336.1340919134,5.014715635952133
월곡달빛오거리골목형상점가,203780.19934105623,556065.0400115079,3.6356890894502127
장위전통시장,204504.27870341274,556855.2064912522,2.401872812024932
정릉서경대길골목형상점가,200847.6573681367,556889.752479673,1.7085806154615661
정릉시장,201485.99859463132,554430.1873471213,4.307247452155745
정릉아리랑시장,200991.89676147405,555916.1394659325,1.2330438364808574
종암북바위길골목형상점가,202980.70799145155,555534.5755899637,3.812897668078331
강북북부골목시장,202686.99009473395,559591.6071803775,1.8061230558083496
강북북부시장,202677.81088976044,559624.5712430578,1.9244474270004275
동북프라자,201658.86512189842,557849.4475203913,1.7904339318356417
미소상인회 골목형상점가,202737.1289953667,557315.9795252632,2.6318413652525834
방천골목시장,202944.92522913677,556993.9592363018,2.970828285011995
백년시장,202250.6761051605,560181.5146255014,5.160473992061804
삼양시장 골목형상점가,201507.78423297094,558416.8653536594,1.8102248054616568
솔샘시장 골목형상점가,201693.2611779301,557777.6025131769,1.6531135803818153
수유북부시장,201417.3466757206,559618.8546041545,1.9658143230587044
수유시장,202024.78080106498,559018.8549076364,4.4962310852469995
수유재래시장,201881.08376203553,559139.1367203812,4.032353387361345
수유전통시장,201881.08376203553,559139.1367203812,4.032353387361345
수유중앙골목시장골목형상점가,201742.86966142713,560107.7803578967,1.6849950447501525
수유중앙시장,201882.0695298174,560080.511241757,2.9084553552785106
수유프라자,202067.29540833374,559113.1183467048,5.563819381375929
숭인시장,202605.42320168501,557063.178912289,4.6202154223649785
어진이골목시장,201265.09418918128,559655.0577432467,1.690839428683185
오패산로 골목형상점가,203069.91626424761,557192.7029072393,1.6982588396795968
우이골목시장골목형상점가,201780.4348832883,560755.234394746,2.0474731261346997
우이시장,201765.70136499335,560704.1358537495,2.0721778358911127
장미원골목시장,201422.45070704745,560538.2419848053,1.8473413768658125
숭인사랑골목형상점가,201834.02229484764,557457.2264060164,0.8306822139903063
인수로골목형상점가,200931.32034063293,560526.6207307392,1.2956558277802044
도봉산옛길골목형상점가,203684.9968342308,565105.0971694621,0.9325043765597597
방학동도깨비시장,203133.7589224007,562858.2729724379,2.6335583687778956
백운시장,201224.77417530544,561776.6737132436,2.3235435188972375
신도봉시장,203636.05212840962,563403.165210663,2.1536463005849686
쌍리단길상점가,204008.863288786,561402.3631361941,2.5698488012919114
쌍문시장,202885.7662313848,560962.2051832015,2.9772133166167256
쌍문역둘러상점가,202816.47653926729,560823.7815404951,2.697257611385173
오!도봉거리상점가,203938.7815988807,563663.8819289964,2.6377144287535454
창동골목시장,203401.6149876112,559902.5363816929,3.180282658115378
창동신창시장,203169.9920853331,560002.3417674147,2.1072735391996726
창동역상점가,204179.232249961,563221.9893795452,2.2685985985165154
공릉동도깨비시장,206810.35708407304,558138.9942007513,2.452401675569825
공릉철길 골목형상점가,206770.22721300158,558535.9383093737,0.947562241002486
상계역전종합상가 상점가,206383.77244389433,562346.3935554426,2.1117064037061946
상계주공15단지 상가 상점가,204623.77386001777,563153.3320054981,1.0090192933059952
상계주공1단지 가상가 상점가,205241.56718847755,560798.6929900504,1.7184544810740814
상계중앙시장,206200.33397851142,562227.368607317,2.9468634765496824
중계 씨앤미상가 상점가,206015.46562170488,560124.5489677618,1.483153483617549
중계동 시영2단지 무지개종합상가 상점가,205886.3468078398,560324.9405770082,1.5451079559636307
중계동시영B상가상점가,205643.47059500197,560283.6302449018,1.7679785166339088
대림골목시장,192541.82690663158,554751.7152034966,4.187620237921263
대림시장,192736.15361496116,554140.5157185543,4.21485383404949
대조시장,193608.19410457186,556638.113057215,6.134427811453774
불광먹자골목형상점가,193892.68796159799,556753.6719628487,7.153599101077499
불광천나들이거리골목형상점가,192579.79486753358,554196.7051909625,5.0159661996990375
수일시장,190743.69149737453,553708.7495343869,2.1453935239661
신응암시장,192818.98798630177,554929.25806938,4.590130527208594
양지시장,192736.15361496116,554140.5157185543,4.21485383404949
연서시장,193083.11688432342,557741.7399942521,8.048235668254396
연신내골목형상점가,192803.3267573309,557682.2273582914,4.868144547996532
응암시장,192807.6964928693,554983.2186087095,4.3524094511586355
응암오거리상점가,192578.2779777958,554293.734193546,5.5278686017678735
제일시장,193771.4851395987,556783.0379501699,8.078577130370146
증산종합시장,191613.86559097742,553550.3190395897,2.5436896983409842
포수말골목형상점가,193183.5498205042,555601.4555359639,4.514481285172142
경찰청골목형상점가,197080.14408495728,551636.6613959166,3.5721700730032504
남이동길골목형상점가,193443.88712568878,552925.8163597011,2.6332183387955146
백련시장,193204.1528552296,553046.5872592948,3.1182109269714364
연희사러가,193785.1645432894,551958.2609247309,2.366408055436367
영천시장,196562.0210350959,552374.1908381631,4.058508807325338
유진상가,194919.28318023347,554649.328001463,3.8966623471081694
인왕시장,195026.69943682806,554578.8725197584,4.109898391791071
포방터시장,195507.21228755324,555456.7678215122,1.3960358662183576
홍제골목형상점가,195021.84144142162,554551.8362655089,4.230314092126446
공덕시장,195879.1557031106,549478.4418787074,3.7117905672345035
도화동상점가,195687.71457442027,549171.3058087503,3.4642726428216304
동진시장,193525.87106536675,551430.679709948,2.7299468854362954
마포농수산물시장,191045.53663397086,551691.5881974238,1.375475383184127
마포시장,196468.2232567329,550072.8029247507,1.6922111133244075
망원동월드컵시장,191283.31260842035,550810.5174160121,1.5702438985178948
망원시장,191283.31260842035,550810.5174160121,1.5702438985178948
방울내길 골목형상점가,191301.6699793344,551120.733118877,2.1526673765966984
상암동상점가,190766.60609573015,552974.5923920494,2.544395572760008
서교시장,193080.9318646734,550446.9370891436,4.0216416396613255
신수시장,194306.1801318604,549548.1067175992,2.6342649371571003
아현시장,196046.56716697177,550729.8146291643,3.4903692668323547
연남동골목형상점가,193431.31614164484,551528.2142096332,2.0662137456995526
영진시장,192281.69158555233,550434.6828004369,3.0940453629432225
용강동상점가,195047.7464974882,548930.8114457399,2.9300769648645533
합정시장,192321.80660639782,549851.673522802,3.1682821219087085
홍대걷고싶은거리상점가,193130.779246934,550855.3584126355,5.249102814001797
홍대레드로드골목형상점가,193109.4046627584,550171.9832773781,2.5164103584021627
홍대소상공인상점가,193076.4036552662,550357.8789399088,3.282144635733734
아현동손기정길골목형상점가,196598.35494233746,550997.8522402667,2.294384058776206
경창시장,186043.0820983808,547283.3300235653,1.8605655719134064
목2동시장,188856.70512909524,549623.1651366977,3.7572737919993595
목3동 골목형상점가,188273.83668910453,549745.1124971758,2.1745380996852606
목동깨비시장,188089.1712623659,549857.1730139218,3.622885624966409
목동로데오골목형상점가,187796.03819769135,547603.7654425215,3.022356363020468
목사랑시장,188175.43388054045,548685.1895057651,2.1462160108304
서서울골목형상점가,185563.19461227107,547981.0412481105,3.2243105269171046
신곡시장 골목형상점가,186116.1045139497,546531.436105266,2.7025914939362
신곡종합시장,186083.28446996608,546495.2481680643,2.6458051204701074
신영시장,185505.1324691357,548176.8059573225,2.268487943737
신월3동시장골목형상점가,184682.39087551364,548258.4638314432,2.3770716329629313
신월7동골목시장,185260.03357096296,547049.0815088499,2.4543503192875153
신정1동골목시장,187079.02509330152,546802.6539716596,4.6208373679093295
신정제일시장,187066.88267574145,546828.5992124175,4.728115996714564
오목교중앙시장,189001.173941987,546722.8364744099,1.8318508726735907
오목내길골목형상점가,189019.8410412075,546975.0310158788,3.2378895750696373
우성상가,185289.13399681688,547032.2298291634,2.6960049585919132
월정로시장,185477.83592092,548230.6810497955,2.1506968413667593
강서구청먹자골목 골목형상점가,186962.97604692008,550566.4522538115,2.150701666814706
강서수산시장 골목형상점가,183983.85474110342,550379.5417484259,0.769477650185491
강서행복한길골목형상점가,186004.64281791702,549432.9315871191,4.1483230513198786
공항대로 골목형상점가,188192.52135047028,550362.9132741981,1.8276295073537234
까치산시장,186554.3840485866,548015.3217630147,4.862455930494904
남부골목시장,187627.8269803046,548196.0946502808,3.1928223680261434
방신전통시장,183410.5648053647,552462.2684643924,2.8841694530990463
봉제산길 골목형상점가,187817.57631842393,549573.6222254694,2.7230681693516807
송화벽화시장,186711.9845291356,550170.9690951625,3.048470149663441
화곡본동시장,186205.64846922026,549257.9345008517,5.394608262284244
화곡중앙시장,185815.12859137004,548387.532440407,3.0874594476425465
가양역사거리 골목형상점가,187137.82935092808,550794.4677593836,1.5968321319284968
공항골목시장 골목형상점가,183517.2472567281,550837.2310955866,1.5927646305010124
공항동 먹자골목 골목형상점가,183338.52085121567,550961.3268624244,1.6286057325794816
송정역 카페거리 골목형상점가,183400.12694298977,551227.7535982874,3.0176152390700777
가리봉시장,190122.22570328732,542462.1766161909,3.918515402277886
개봉입구골목상가 골목형상점가,187199.3833557038,544296.350757187,2.5147326006799444
개봉중앙 골목형상점가,187209.20613660984,543577.1324078998,4.023015073702285
개봉중앙시장,187079.09182579588,543589.4461746962,2.529517189068297
개봉프라자,186839.91547343705,544735.6068626605,2.8608688726941938
고척골목시장상점가,187895.29461503116,544927.2841345381,2.6256242654939794
고척근린시장,186805.57413677787,544797.4477114829,3.2158541946561234
고척프라자,187864.28380327986,544927.119370292,2.523890764310037
구로시장,189881.72264991392,543293.2149035982,5.632975585839889
그라운드고척 골목형상점가,188267.6293611037,544514.105763244,2.9316076867475873
남구로시장,189835.84079363954,543456.0330057713,6.447668415882497
오류버들시장 골목형상점가,185932.16109586766,543495.3210653255,1.8656797681186514
오류시장,186161.92079244577,544121.7759015429,5.474284409264042
극동종합상가 골목형상점가,190225.81832368672,543488.1157601181,4.058829256456993
오류골먹자골목 골목형상점가,186211.7308876976,544161.0551376003,5.183786240985327
대명여울빛거리시장,191312.74593911946,539434.3441380671,5.122758439885369
독산동 맛나는거리상점가,191038.64164750525,541130.5349496967,2.1006734685791977
독산동 우시장,190825.16977156588,540827.2868258654,2.1556532802397483
법원단지길 상점가,191613.789681472,540013.1616522133,3.159754644076817
별빛남문시장,191191.22659531166,541596.5219810948,2.4937360229308934
비단길현대시장,191536.56606045447,540049.7658632138,2.996664268441882
아름다운 별장거리,191884.5426525342,538948.192276563,2.0207489540202297
은행나무시장,191978.7268369518,539108.7530957765,2.8955447080242918
정훈한마음골목시장,191417.67370691756,540586.3392974646,2.811532116559827
천리단길 상점가,190933.10806205965,539527.3654805636,2.2512642265029243
남서울상가,191803.967479802,546773.7472372112,7.637239350421031
대림중앙골목형상점가,190963.81753575112,543541.0543080824,2.917769535404398
대림중앙시장,191129.7112853691,543572.9472641725,2.9580104503855744
대신시장,192728.86930377418,545729.262150959,3.5131002970218415
도림시장,191007.89949261327,545600.0713318024,1.4666335836431954
동남상가,191656.8411565524,546786.9705813921,8.749865287512849
로타리상가,191674.96448224472,546765.0585234824,8.514337086117246
삼구시장,191678.9765278022,546763.079085557,8.487656823591971
샛강두리골목형상점가,192705.15946024345,545861.1866175792,4.690515116123127
선유도역골목형상점가,190614.76692128537,548608.1257466051,3.1732310388394227
선유로운골목형상점가,190679.5986603046,548832.5556071687,2.923690095746375
신동시장,192004.46664730896,545188.2078353639,4.361236152735837
영등포로타리지하도상가,191676.400024912,546494.9632398799,6.813321391079443
영등포시장기계공구상가,192081.77246326153,546642.173046376,6.315210488321765
영등포시장지하도상가,191694.33273913906,546697.1355472179,8.075778606057435
영등포역지하도상가,191747.2807018163,546334.2785776315,5.443540087747041
영등포유통상가,190624.2975154059,547003.5668517051,2.8501780316332637
영등포전통시장,191904.75856030377,546820.3004973119,6.341983757846862
영등포청과시장,191144.9006349428,546927.3039797016,4.513988705594734
영신상가,191760.26033006195,546715.4928163819,8.320261797264541
영일시장,191222.28693081654,546295.4747277172,1.4013785249474795
우리시장,191606.99512664956,544118.6893271625,2.2928337993682213
제일상가,191721.20402873296,546723.2882802101,8.291806741427592
강남시장,195884.41279706714,544160.4192115751,1.9537541185233054
남성사계시장(남성시장),198402.44718901272,543207.4203511184,3.409037290668243
남성역골목시장,197552.25359508817,542616.6777367071,2.737278230416395
노량진수산시장골목형상점가,194500.35636671836,546141.8306070456,1.742190212439911
만양로상점가,195139.09312886698,545861.1157901428,3.1899314368928895
보라매다올길골목형상점가,192994.3486550557,544340.1411163758,3.758988368239618
본동인정시장,195746.3310939346,545860.3411641731,1.7923263014217703
사당1동먹자골목상점가,198284.21971148145,542111.367225026,3.0840954215591854
사당시장,197786.41738764505,542602.9154566366,2.7427214692962103
상도도깨비골목형상점가,194387.18670929928,544847.7325381258,3.8001426317220983
상도약수골목형상점가,194994.1229213188,544338.7601928038,1.148049810713371
상도전통시장,195762.25887238307,544368.8508880805,2.4463717829424847
성대시장,193964.86417937974,544501.3567740486,4.8181957711274865
성대전통시장,193878.2743643752,544417.8649224257,4.563212303368493
신노량진시장,194638.05611236946,545455.298331965,3.472198755747735
이수미로 골목형상점가,198343.9944321962,543100.0683413538,4.574676043487743
노량진 만나로 골목형상점가,195089.43678097508,545792.8257408747,3.7990833033325866
숭실마루길 골목형상점가,196237.69715394682,543944.2117710628,0.9044551807640783
신대방1동 온누리길 골목형상점가,191915.65767202983,543451.0738618218,3.665392046588449
흑석시장 골목형상점가,196717.8243777948,545273.2748711326,3.053799772149987
강남골목시장,191585.11382428484,542587.9901275815,2.323780481755769
관악신사시장,192666.1270934955,543039.9013580948,2.0788943380270135
관악종합시장,193627.52145136017,542469.7869936654,4.442402897964345
관악중부시장,196068.87761803094,542767.8615647202,2.9421920522432683
난곡골목형상점가,195734.22568701283,542112.8325733254,3.9335635166211063
남현동 예술인마을 골목형상점가,198306.0328961335,541771.3510223578,3.8754481878529528
녹두 골목형상점가,194577.99546520886,541130.3179491289,1.4252596717143333
녹두S밸리 골목형상점가,194419.61333243301,541002.428329567,1.089989754723462
미성동도깨비시장,192605.39662831047,541666.0541668115,1.693975495899682
봉리단길 골목형상점가,194969.18976018068,542440.8979476917,3.794646265754604
봉일시장,194553.32260624433,542950.8862745557,2.6168141141808303
봉천달빛길 골목형상점가,195021.480865685,542578.2283437942,3.555481173452197
봉천제일종합시장,195090.30196217663,542428.5360950487,3.505868885396599
봉천중앙시장,195949.07377036466,542722.2079611295,3.177127081367069
봉천현대시장,195277.45846444432,542977.7409607924,2.740878752031811
삼성동시장,194029.5190335148,541180.4264536633,1.9784552238992597
서림 행복가득한 골목형상점가,194464.2756378579,541822.9804217534,2.1582529410621327
서원동상점가,193657.04703468012,542372.9066097277,3.6677473289560782
신림종합시장,192666.38586943757,542802.8121527557,2.5792932143762743
신림중앙시장,192166.03742430633,542644.095377727,2.5874109411249986
신림현대종합상가,193985.56206227795,541734.4056070016,0.6975613032064079
신신림시장,194006.01163007258,541274.3377141965,2.714377678146993
신원시장,193578.25437760347,542516.5433749862,4.5754804788241135
우림시장,193011.88192640684,541227.0437109366,1.9459890334211918
원당종합시장,196982.08819856303,541664.2826963679,3.157694392148772
인헌시장,196946.2293173411,541635.0810850239,3.154443519296657
조원동펭귄시장,192127.22551485364,542605.8747620974,2.514668840029466
행운담길 골목형상점가,196310.50775347976,542289.9598239297,2.0688223306791484
신림별빛거리 골목형상점가,193429.4627596467,543220.0228718974,2.890159974721967
강남터미널지하도상점가(고투몰),200436.77530558495,545177.9903585151,2.2715537093428897
고속터미널역지하철역상점가(엔터식스 강남점),200430.4956308684,545041.903860731,2.508583177329129
남부종합시장,198657.6085362718,543949.0632167173,1.3253931158735783
말죽거리 골목형상점가,203411.62107783734,542601.7760272009,2.838699755681034
서초쇼핑 골목형상점가,201543.83237238837,544495.6028819233,0.9460431509439109
양재시장,203357.7091941159,542769.5558931674,3.7954955287959087
강남개포시장,205964.2756525735,543233.5770255328,2.508254984085477
강남시장,195884.41279706714,544160.4192115751,1.9537541185233054
강남언주로 상가,203756.52603545904,545093.5890146598,2.6640832174063034
강남역지하도상점,203388.77174445082,544643.4585968609,5.391029420388131
논현종합시장,203073.47613665287,545617.1672368661,2.204014281894853
도곡시장,204421.46603877988,544212.7727804511,3.0447710717050995
신사시장,202509.13124154738,548087.1398295887,0.39364025905479894
영동전통시장,202107.1184366176,545613.0326211321,3.2838189336840236
은마종합상점,205723.46091604963,544310.7253652852,1.31251656434682
청담삼익시장,205103.03430979687,546980.4869464982,1.2055421633423342
가락골골목형상점가,210589.43879642736,544115.4863219224,2.3357953730840424
가락몰 골목형상점가,209936.0648774378,543759.8743743798,0.7992088943807463
마천시장관리주식회사,213316.42511108945,544325.0512793191,2.7573277988989444
마천중앙시장,213286.97181511828,544219.8523237342,3.875591668511484
문정동로데오거리상점가,210956.87850489284,543307.1124785155,2.22183050472226
방이시장,210419.3953159351,545617.1861638625,2.8231184447843316
새마을시장,207603.00220932366,545479.1715740672,2.8277488264936403
석촌시장,209418.77128173967,544529.4358066837,1.8168547589366666
풍납시장,210399.84107094622,548731.3322952954,2.0763956784668216
잠실역지하쇼핑센터,208892.67469904228,546014.2355282531,2.3518983216447604
고덕골목형상점가,214923.86127569302,550952.2797975308,1.6700476124545858
고분다리전통시장,211659.7012062187,549229.2289811247,1.9801037786670306
길동복조리시장,212709.1207838112,548853.6554872667,2.469383733935795
둔촌역전통시장,212013.9474370315,547704.4972712202,2.868744497827422
명일전통시장,212773.82742952663,550042.4796924891,2.9325683960226905
성내전통시장,211298.57478632362,548284.9294309651,2.4879591663728755
암사종합시장,211328.4611130203,550189.8548494134,3.5605286092113038
장신구거리,211419.5753424586,547541.2731595525,1.7777928849151152
천호로데오거리상점가,211287.3325449953,548894.1148035956,6.3240499847117535
